YEAR,MONTH,KS_SST,EQ_SOI,UWND,SouthSea,PAC_IND_SST_DIFF,EAST_PACIFIC,INDIA,KS_Anomaly,SouthSEA,EastSea
1987,1,14.7900,-0.595 ,-7.3646,15.6683,1.234815,0.788,-0.447,-0.43,-0.19,-0.47
1987,2,14.0950,-2.659 ,-7.09634,15.1300,1.464774,0.740,-0.725,-0.68,-1.29,-0.71
1987,3,14.0750,-1.021 ,-5.75773,14.7850,1.111735,0.776,-0.336,-1.50,-1.00,-2.37
1987,4,14.6000,-0.956 ,-5.74366,15.6933,1.280997,1.032,-0.249,-1.41,-0.89,-1.16
1987,5,18.0700,-1.055 ,-5.17446,18.1333,1.425321,1.236,-0.190,-0.34,-0.45,-0.76
1987,6,19.7350,0.788 ,-4.70448,21.3867,1.108142,0.644,-0.464,-0.80,-0.19,-0.18
1987,7,22.8800,0.035 ,-4.25821,24.0950,1.382811,0.868,-0.515,-0.05,-0.05,-0.51
1987,8,24.8450,0.809 ,-5.04842,26.6900,1.392091,0.770,-0.622,1.13,0.25,0.30
1987,9,23.7500,1.277 ,-5.35119,25.3683,1.726655,1.138,-0.589,-0.75,-0.54,-0.11
1987,10,21.9250,1.589 ,-3.22,23.2150,1.083386,0.805,-0.279,0.32,-0.19,-0.20
1987,11,18.6450,1.522 ,-5.556,20.9850,0.97549,0.736,-0.239,-0.58,-0.23,0.03
1987,12,16.8900,0.543 ,-4.97547,18.5000,1.141249,0.846,-0.295,0.40,0.43,0.17
1988,1,15.9250,1.650 ,-5.85687,16.4900,0.482779,0.365,-0.117,-0.12,-0.10,-0.06
1988,2,13.0900,0.085 ,-6.65408,14.6650,0.012656,-0.133,-0.145,0.58,0.45,1.67
1988,3,14.1000,1.809 ,-4.8789,14.7600,-0.4877633,-0.397,0.091,-0.01,-0.20,0.90
1988,4,14.1250,1.338 ,-4.76795,15.8883,-1.137466,-0.767,0.371,0.10,0.02,0.18
1988,5,17.6350,2.949 ,-5.04642,18.9000,-0.950967,-1.085,-0.134,0.34,-0.67,0.50
1988,6,20.0500,3.169 ,-5.564,21.4783,-1.606227,-1.746,-0.140,-0.66,-0.50,-0.79
1988,7,24.1450,3.627 ,-4.8191,25.8383,-1.811398,-1.528,0.284,-1.11,-1.59,-1.34
1988,8,26.3350,3.833 ,-5.72487,27.4867,-1.535906,-1.177,0.359,-0.38,-0.01,0.24
1988,9,25.2550,4.570 ,-3.562,26.2750,-1.112236,-0.941,0.172,0.89,-0.14,1.14
1988,10,22.6100,4.129 ,-2.89937,22.9983,-1.2858015,-1.211,0.075,0.34,-0.31,0.45
1988,11,18.7800,3.928 ,-3.83247,20.6817,-1.03781238,-1.043,-0.005,0.77,0.02,1.21
1988,12,15.8300,3.376 ,-5.465,16.9583,-0.402101,-0.921,-0.519,-0.13,0.16,0.57
1989,1,14.4200,3.318 ,-6.87211,16.2233,-0.7155496,-0.654,0.062,-0.48,-0.77,-0.69
1989,2,14.7300,1.958 ,-5.30416,15.0733,-0.301347,-0.494,-0.193,-0.09,-0.54,0.96
1989,3,14.1200,1.917 ,-5.6975,14.6367,-0.525048,-0.687,-0.162,-1.06,-1.35,-0.14
1989,4,15.4750,1.396 ,-5.29842,16.1317,-0.4152279,-0.495,-0.080,0.21,0.01,0.64
1989,5,17.1000,2.667 ,-5.74753,18.6300,-0.683274,-0.836,-0.153,-0.16,-0.71,-0.37
1989,6,19.6900,2.913 ,-4.23189,20.8117,-0.245826,-0.524,-0.278,0.00,-0.51,0.26
1989,7,23.4750,3.557 ,-5.6122,24.8483,-0.796617,-0.837,-0.040,-0.56,-0.25,-0.44
1989,8,25.2850,3.018 ,-5.12984,26.3383,-0.807681,-0.474,0.333,0.12,-0.47,0.57
1989,9,25.3650,2.495 ,-5.01932,26.2617,-0.673319,-0.392,0.282,0.41,0.53,0.21
1989,10,22.1100,2.970 ,-4.79519,22.9550,-0.718891,-0.495,0.224,0.51,0.45,1.04
1989,11,19.4450,2.614 ,-4.46847,20.6667,-0.173817,-0.523,-0.349,0.36,-0.17,0.46
1989,12,16.3750,3.361 ,-3.64089,18.3000,-0.27006,-0.574,-0.304,0.32,-0.34,0.24
1990,1,14.9150,0.921 ,-5.56125,15.7717,-0.137296,-0.424,-0.286,-0.60,0.43,-1.00
1990,2,14.2500,0.868 ,-4.28315,15.7383,0.1981453,0.050,-0.148,1.01,0.78,0.63
1990,3,14.2900,-0.424 ,-6.21571,15.4000,-0.2837027,-0.360,-0.077,2.28,1.17,2.63
1990,4,15.0700,0.421 ,-4.26343,15.9450,-0.079809,-0.316,-0.237,1.02,1.26,1.08
1990,5,17.5500,1.408 ,-4.85435,18.1267,0.0528103,0.063,0.010,0.39,-0.63,0.32
1990,6,19.5700,1.577 ,-3.09859,22.0083,0.0453253,-0.068,-0.114,0.59,-0.17,0.43
1990,7,24.5700,3.046 ,-3.66648,26.1650,0.112474,-0.253,-0.365,-0.36,-0.18,0.07
1990,8,28.6250,2.875 ,-3.77217,28.8567,0.140232,-0.167,-0.307,-0.39,-1.48,0.01
1990,9,26.1750,2.305 ,-3.6268,27.5133,0.236351,-0.164,-0.400,-0.29,-1.38,-1.51
1990,10,22.6550,2.833 ,-2.23123,23.0400,-0.176987,-0.453,-0.276,0.97,-0.05,-1.08
1990,11,20.0350,2.479 ,-2.53849,21.0050,0.021483,-0.366,-0.388,-0.01,-0.22,-0.62
1990,12,16.5800,1.668 ,-4.70094,18.3667,0.062706,-0.411,-0.474,-1.19,-0.43,-0.82
1991,1,14.4100,1.821 ,-4.43428,14.7533,0.076902,-0.231,-0.308,-0.26,-0.82,-0.53
1991,2,13.5550,0.736 ,-5.15644,13.8317,-0.016727,-0.236,-0.219,-0.79,-1.06,-1.59
1991,3,14.7550,0.165 ,-5.48842,14.9017,0.164529,-0.104,-0.269,-1.92,-1.48,-1.80
1991,4,14.6950,0.766 ,-5.9948,15.8983,-0.213109,-0.388,-0.174,-1.06,-1.13,0.04
1991,5,16.0450,1.620 ,-5.13294,18.0383,0.452451,0.164,-0.288,-0.95,-1.16,-0.75
1991,6,19.9100,1.178 ,-4.89,20.7650,0.635969,0.473,-0.163,-0.71,-1.10,-1.93
1991,7,22.7700,2.055 ,-5.53925,24.3283,0.905535,0.656,-0.250,-0.74,-0.39,-1.19
1991,8,24.4300,2.379 ,-6.06989,26.2133,0.376813,0.208,-0.169,0.56,0.16,0.64
1991,9,24.0950,1.045 ,-5.38031,25.1217,0.688584,0.253,-0.436,0.73,0.21,-0.08
1991,10,21.3200,1.122 ,-5.10704,22.5083,0.695211,0.229,-0.467,0.37,0.12,0.34
1991,11,18.7350,0.710 ,-5.16477,20.0767,0.996142,0.538,-0.458,0.78,-0.04,-0.23
1991,12,16.1950,-0.383 ,-4.76594,18.1633,1.296305,0.661,-0.635,0.48,-0.48,-0.02
1992,1,15.3600,-2.327 ,-4.6,16.3950,1.170681,0.471,-0.699,-0.22,-0.46,-0.81
1992,2,14.5750,-1.633 ,-6.2348,15.4200,0.896994,0.467,-0.430,0.42,-0.80,0.28
1992,3,14.1550,-2.247 ,-4.77511,15.0700,1.232362,0.665,-0.567,0.21,-0.73,-0.11
1992,4,15.4900,-1.314 ,-4.7575,16.0783,1.456883,1.252,-0.204,-0.11,-0.28,0.57
1992,5,17.7100,-0.398 ,-3.44731,17.9900,1.351009,1.223,-0.128,-0.32,-1.09,-1.52
1992,6,19.9450,1.351 ,-3.08718,21.1233,0.4416077,0.359,-0.083,1.03,-0.36,-0.81
1992,7,23.9850,1.698 ,-4.39239,24.5883,0.225077,-0.349,-0.574,0.91,-0.62,-0.29
1992,8,26.5550,2.833 ,-4.50694,26.9667,0.014799,-0.233,-0.248,-0.09,-0.03,0.42
1992,9,25.0500,1.552 ,-1.7475,25.9783,-0.218079,-0.366,-0.148,-0.55,-0.74,-0.78
1992,10,21.9450,2.500 ,-1.70693,22.5767,-0.161169,-0.297,-0.135,-0.41,-0.50,-0.73
1992,11,20.4700,1.192 ,-2.28345,20.8233,0.132395,-0.363,-0.496,-0.18,-0.41,-0.95
1992,12,17.8500,0.911 ,-4.42066,17.9300,0.173753,-0.157,-0.331,-0.85,-1.01,-0.68
1993,1,14.7100,1.624 ,-3.31889,16.2100,0.336938,-0.129,-0.466,-1.60,-1.13,-1.18
1993,2,13.2900,0.580 ,-4.51204,14.4650,0.888571,0.296,-0.592,-1.50,-1.62,-1.42
1993,3,13.3750,-0.027 ,-5.12646,14.4467,0.603743,0.234,-0.370,-2.17,-2.14,-2.81
1993,4,14.5250,-0.018 ,-3.82231,15.7017,1.117474,0.663,-0.454,-1.20,-1.21,-1.36
1993,5,16.3800,1.194 ,-3.44231,17.4617,1.674821,1.043,-0.632,-0.60,-0.99,-1.24
1993,6,18.5650,0.473 ,-2.97915,20.4517,1.109141,0.591,-0.518,-0.71,-0.57,-0.44
1993,7,22.0600,1.950 ,-5.33324,23.7617,0.871273,0.321,-0.551,0.19,-0.75,-2.04
1993,8,24.1800,1.477 ,-5.25511,25.5483,0.696792,0.130,-0.567,-0.94,-0.93,-2.52
1993,9,23.9550,1.612 ,-3.43667,25.0450,0.5105626,-0.031,-0.541,-0.60,-1.03,-1.21
1993,10,21.6700,1.414 ,-5.6973,22.6783,0.9442981,0.064,-0.880,-0.95,-1.35,-1.70
1993,11,18.7300,2.502 ,-4.80508,20.6067,0.2257235,0.061,-0.165,0.59,-0.62,-0.43
1993,12,17.1250,2.021 ,-5.30205,17.8033,-0.101321,-0.252,-0.151,-0.42,-0.62,-1.13
1994,1,13.8600,1.462 ,-8.01526,15.3050,0.4694829,0.045,-0.425,0.12,-0.36,-0.48
1994,2,13.2400,0.955 ,-5.9801,14.1767,-0.3602016,-0.432,-0.072,2.84,2.08,3.26
1994,3,12.8300,1.366 ,-5.55231,13.6050,-0.887322,-0.853,0.034,1.63,0.05,1.49
1994,4,15.3000,1.732 ,-4.84515,15.4967,-1.101089057,-1.101,0.000,0.16,-0.48,-0.56
1994,5,16.8100,0.941 ,-5.03182,17.8533,-0.7457314,-0.763,-0.017,-0.22,-0.46,-0.60
1994,6,20.2850,1.688 ,-4.42268,21.2167,-0.6617993,-0.592,0.070,1.19,-0.37,-0.55
1994,7,26.4050,1.844 ,-4.49614,27.4600,-0.280159,-0.682,-0.402,0.42,0.25,0.53
1994,8,27.9800,2.696 ,-4.7128,27.7383,-0.543392,-0.811,-0.267,0.79,-0.21,-0.09
1994,9,25.3200,0.904 ,-3.81317,25.7767,0.463437,-0.256,-0.719,0.57,0.14,0.24
1994,10,22.0450,1.480 ,-3.79861,23.2050,0.777133,0.453,-0.324,-0.07,-0.27,0.00
1994,11,20.6350,1.668 ,-3.29229,20.8117,0.6051168,0.558,-0.047,-0.45,-0.56,0.29
1994,12,17.3600,1.007 ,-3.30493,18.7983,1.118493,0.631,-0.488,-0.65,-1.04,-1.04
1995,1,15.5850,0.295 ,-4.2861,16.0267,1.257145,0.671,-0.586,-0.81,-1.10,-0.83
1995,2,14.4100,0.150 ,-4.67271,15.3450,0.458901,0.241,-0.218,0.53,-1.01,-0.75
1995,3,13.7100,1.291 ,-5.97828,14.6817,-0.214745,-0.321,-0.106,0.83,0.65,-1.97
1995,4,14.2600,0.735 ,-4.06532,15.5550,-0.880791,-1.010,-0.129,0.42,0.19,-1.37
1995,5,16.5850,1.441 ,-4.15494,17.4300,-1.1193369,-1.082,0.038,0.42,-0.21,-0.56
1995,6,19.3600,3.118 ,-3.23431,20.4767,-0.802888,-0.667,0.136,-0.34,-0.61,-0.39
1995,7,24.0900,2.602 ,-4.95144,24.3767,-0.580313,-0.430,0.151,-0.46,-0.57,-1.15
1995,8,27.1750,2.518 ,-3.66605,28.3383,-1.163576,-0.687,0.476,-1.84,-1.02,-0.93
1995,9,25.5800,2.643 ,-3.47892,26.4417,-1.008671,-0.704,0.305,-1.84,-0.77,-2.22
1995,10,22.6850,3.500 ,-3.55,23.4583,-1.006439,-0.613,0.394,-0.63,-0.81,-0.95
1995,11,19.1000,2.947 ,-3.667,20.5650,-1.011758,-0.683,0.329,-0.70,-0.51,-1.73
1995,12,16.4750,4.039 ,-4.33942,17.9750,-1.202987,-0.928,0.275,0.26,0.00,-0.29
1996,1,12.9550,3.078 ,-4.22829,15.2150,-0.79806,-0.647,0.151,0.26,0.22,-2.05
1996,2,12.0050,1.242 ,-3.20987,14.4433,-0.4635908,-0.432,0.032,-0.74,-0.34,-2.34
1996,3,13.1500,1.070 ,-5.0621,14.1367,-0.2730774,-0.220,0.053,0.89,0.82,-0.11
1996,4,14.0050,1.808 ,-5.2105,15.6000,-1.477811,-1.305,0.173,0.64,0.03,0.73
1996,5,17.4900,2.236 ,-4.07341,18.4717,-1.031365,-1.176,-0.145,0.20,-0.06,-0.26
1996,6,20.4250,2.042 ,-3.7668,21.8000,-1.165587,-1.029,0.137,0.75,0.46,-0.61
1996,7,22.8250,3.999 ,-4.70028,25.0467,-1.046386,-0.858,0.188,0.56,0.61,-0.26
1996,8,27.2400,3.418 ,-2.49944,28.5100,-1.19532,-0.776,0.420,-0.19,-0.27,-0.27
1996,9,25.8000,3.154 ,-4.44875,26.2867,-1.115025,-0.676,0.439,0.22,0.43,-0.34
1996,10,22.4650,3.100 ,-2.71233,23.6050,-1.216998,-0.789,0.428,0.19,0.20,0.92
1996,11,20.1950,2.991 ,-3.21729,21.6417,-1.206577,-0.903,0.303,0.51,0.82,0.49
1996,12,17.5000,2.884 ,-4.81538,19.1567,-1.39389,-1.255,0.139,0.85,0.33,0.25
1997,1,14.6100,3.111 ,-5.25379,15.9633,-0.9353781,-0.891,0.044,1.41,0.61,-0.31
1997,2,14.0600,2.052 ,-6.39741,15.6433,-0.345738,-0.499,-0.154,0.06,-0.48,-0.16
1997,3,13.9700,-0.556 ,-6.05369,15.1467,0.529605,0.130,-0.400,-1.34,-0.89,-0.20
1997,4,15.2150,0.901 ,-6.33648,16.9383,0.605161,0.253,-0.352,-0.52,-0.49,-0.75
1997,5,18.0850,1.379 ,-6.32307,18.8017,1.51982,1.171,-0.349,-1.34,-0.78,-1.11
1997,6,21.5800,-0.671 ,-6.44505,22.1867,2.10802,1.805,-0.303,0.86,0.96,-0.96
1997,7,23.6250,-1.054 ,-4.57985,24.9083,2.684997,2.452,-0.233,0.89,0.31,0.46
1997,8,25.0050,-0.701 ,-6.2373,26.7983,3.265004,2.852,-0.413,1.10,0.75,-0.71
1997,9,24.6350,-0.887 ,-5.0274,25.7633,3.60256,2.945,-0.658,-1.00,0.71,0.93
1997,10,20.9250,-0.600 ,-5.65378,22.8833,3.272178,2.984,-0.289,-0.28,0.01,0.62
1997,11,20.3050,-0.515 ,-6.0945,22.1417,3.361233,3.228,-0.133,1.75,1.52,1.44
1997,12,17.8300,-1.185 ,-6.96481,18.8633,3.4215086,3.331,-0.090,1.18,1.18,1.95
1998,1,15.9000,-2.275 ,-5.94776,15.9000,2.855152,2.422,-0.433,0.51,0.42,-0.10
1998,2,12.8450,-2.195 ,-7.55893,15.9183,2.50413,2.352,-0.152,0.00,-0.84,0.31
1998,3,13.5050,-2.743 ,-5.76032,14.9617,2.372722,2.101,-0.272,1.53,0.83,0.05
1998,4,16.4600,-1.466 ,-6.5586,17.6300,2.3866,2.063,-0.324,1.03,0.50,1.11
1998,5,18.4100,0.924 ,-6.7321,19.6533,2.277373,2.301,0.023,1.26,0.89,0.75
1998,6,20.6750,2.202 ,-6.30067,21.9983,0.716364,1.210,0.494,1.64,0.52,0.34
1998,7,23.5600,2.215 ,-4.81076,24.5433,0.082169,0.767,0.685,0.84,0.45,0.44
1998,8,27.8750,2.188 ,-6.67261,28.5250,-0.290043,0.346,0.636,0.95,0.11,0.76
1998,9,26.1900,2.277 ,-5.08424,26.7567,-1.118878,-0.267,0.852,-0.10,0.68,0.44
1998,10,23.5300,3.037 ,-5.118,24.5550,-0.967618,-0.324,0.643,-0.01,0.24,0.80
1998,11,21.0800,3.387 ,-5.13028,21.6967,-0.4986206,-0.083,0.416,0.06,0.24,0.71
1998,12,17.7800,3.647 ,-4.84563,19.0017,-0.4883019,-0.396,0.092,0.06,0.58,-0.29
1999,1,15.7450,4.335 ,-5.71489,16.3450,-1.176272,-0.694,0.482,0.18,0.21,0.31
1999,2,13.7400,2.426 ,-5.91932,15.8917,-0.940194,-0.399,0.542,-0.16,-1.48,0.29
1999,3,13.7750,1.580 ,-5.4285,15.1867,-0.2208501,-0.017,0.204,-1.39,-2.00,-0.50
1999,4,14.7700,2.048 ,-3.52186,16.3567,-0.8605413,-0.764,0.097,0.79,0.09,0.77
1999,5,17.2900,2.047 ,-4.28294,19.0483,-0.45127793,-0.456,-0.004,1.77,0.35,0.44
1999,6,20.3450,3.638 ,-5.00835,21.7883,-0.769846551,-0.769,0.001,-0.14,0.12,0.40
1999,7,23.4000,3.589 ,-3.80987,23.9000,-0.4415324,-0.509,-0.067,1.19,-0.20,-0.13
1999,8,24.9550,1.431 ,-2.75666,25.6883,-0.373995,-0.476,-0.102,0.10,0.17,1.08
1999,9,25.9500,3.343 ,-2.84274,26.3500,-0.7798813,-0.716,0.064,-0.48,-0.02,0.10
1999,10,24.0400,3.553 ,-1.67629,24.0167,-1.143082,-0.966,0.178,-0.58,-0.83,-0.64
1999,11,19.3000,3.167 ,-2.20861,21.2983,-0.990956,-1.146,-0.155,-0.53,-0.75,-0.43
1999,12,18.1250,3.692 ,-2.88148,18.3533,-1.1324897,-1.037,0.096,-0.96,-0.74,-0.32
2000,1,14.8950,4.021 ,-3.7876,16.4083,-1.189076,-1.072,0.117,-0.14,0.12,0.70
2000,2,13.3600,3.909 ,-4.2235,15.1850,-0.980114,-0.563,0.417,0.63,-0.05,0.70
2000,3,13.2000,1.676 ,-5.84958,14.1200,-0.504477,-0.357,0.148,0.50,0.53,0.24
2000,4,14.1750,2.632 ,-4.89448,15.3633,-0.053774,0.235,0.289,-0.07,-0.10,-1.75
2000,5,16.2750,2.179 ,-5.27342,17.7283,-0.1800781,-0.087,0.093,0.35,0.33,-0.90
2000,6,20.0300,1.891 ,-6.23283,21.6967,-0.6064943,-0.507,0.099,0.05,0.03,-0.04
2000,7,24.1950,2.417 ,-5.19514,25.3317,-0.55428122,-0.555,-0.001,0.31,0.47,0.41
2000,8,26.8450,1.930 ,-6.07267,28.2233,-0.7680786,-0.745,0.023,0.46,0.04,0.03
2000,9,25.0850,2.315 ,-5.05936,26.1517,-0.604532,-0.287,0.317,0.22,0.54,0.50
2000,10,22.6150,2.845 ,-5.61854,23.9933,-0.450375,-0.279,0.172,0.32,0.57,0.47
2000,11,19.4950,3.525 ,-5.57395,21.2050,-1.048983,-0.788,0.261,0.40,0.83,1.06
2000,12,17.2450,3.686 ,-6.10703,19.0167,-0.61854,-0.398,0.221,0.18,0.92,1.36
2001,1,15.2550,3.728 ,-6.50426,16.2800,-0.890029,-0.235,0.655,0.09,0.20,1.05
2001,2,14.0650,0.873 ,-7.26169,15.7533,-0.917045,-0.445,0.472,1.04,2.11,0.67
2001,3,14.1050,1.040 ,-6.17132,15.5167,-0.419227,0.174,0.593,1.49,1.40,2.13
2001,4,15.1100,0.612 ,-5.65793,16.9417,-0.16097,0.231,0.392,-0.02,-0.23,1.06
2001,5,17.4100,1.588 ,-5.83352,19.3900,-0.0888616,0.019,0.108,0.44,0.98,0.10
2001,6,20.2550,2.503 ,-4.90175,21.7833,-0.673413,-0.325,0.349,0.89,-0.54,0.90
2001,7,24.6000,3.024 ,-6.85709,27.4983,-0.482251,-0.338,0.144,0.67,-0.38,0.41
2001,8,27.8350,3.390 ,-6.48272,29.0900,-0.2036594,-0.297,-0.093,-0.61,-0.99,0.20
2001,9,25.1350,3.402 ,-4.90512,26.0283,-0.840727,-0.674,0.167,0.64,0.24,-0.24
2001,10,22.7100,2.800 ,-5.16008,24.6500,-0.498165,-0.677,-0.179,0.82,-0.07,-0.12
2001,11,20.3300,2.808 ,-4.36984,20.6433,-0.975638,-0.851,0.125,-1.30,-0.38,0.54
2001,12,17.6100,0.848 ,-5.00645,18.1667,-0.279276,-0.539,-0.260,-1.17,0.78,0.58
2002,1,14.1900,2.699 ,-5.29274,15.2450,-0.324943,-0.509,-0.184,-0.28,0.99,0.39
2002,2,14.4850,1.634 ,-5.78521,15.4517,-0.0056845,-0.068,-0.062,-0.34,-0.79,-1.20
2002,3,14.6050,1.320 ,-6.95107,14.8783,0.5025496,0.472,-0.030,-2.34,-1.29,-1.46
2002,4,13.4050,1.290 ,-6.43215,15.7383,-0.113228,0.150,0.263,-0.95,-1.15,-1.09
2002,5,16.0650,0.935 ,-4.95674,19.2500,0.208186,0.355,0.147,-2.49,0.02,0.14
2002,6,19.8900,1.986 ,-6.33414,22.5667,0.383373,0.413,0.029,-1.98,-0.42,-0.84
2002,7,23.2250,1.732 ,-6.41042,24.5900,-0.1732886,-0.123,0.050,-0.36,-0.62,-1.12
2002,8,24.0100,1.896 ,-7.13443,26.3983,0.2457334,0.303,0.057,0.87,-0.99,-0.83
2002,9,24.2100,1.625 ,-6.90301,25.1100,0.53931983,0.549,0.010,2.02,-0.36,-0.05
2002,10,19.7750,1.450 ,-6.31177,23.6883,0.769998,0.607,-0.163,1.35,0.21,-0.61
2002,11,17.4600,3.346 ,-7.3883,20.7617,0.7613556,0.813,0.051,1.30,-0.63,-0.10
2002,12,16.5750,0.856 ,-7.28162,17.9333,0.9866272,1.070,0.084,1.03,0.19,0.27
2003,1,15.6700,0.797 ,-6.22965,15.2500,0.4131525,0.464,0.050,0.31,-0.35,0.79
2003,2,15.8600,0.483 ,-6.68694,14.8467,0.288669,0.108,-0.181,-2.13,-1.83,-0.88
2003,3,15.1350,-0.346 ,-7.38839,15.1650,0.2879131,0.228,-0.060,-0.84,-0.32,-0.89
2003,4,16.0100,1.571 ,-4.69554,15.4850,-0.79647,-0.550,0.246,1.86,0.50,-0.43
2003,5,18.2600,2.347 ,-5.85351,18.6600,-1.126883,-0.880,0.247,-0.23,0.42,-0.19
2003,6,20.4750,2.748 ,-4.95172,21.2333,-0.723456,-0.513,0.210,-0.34,0.30,-0.17
2003,7,21.4350,2.350 ,-3.7203,23.5517,-0.3693243,-0.071,0.298,0.42,0.59,0.81
2003,8,25.5100,3.146 ,-3.78558,27.3750,0.36491626,0.369,0.004,0.09,0.95,-0.78
2003,9,27.0150,2.080 ,-2.26924,26.7567,0.061273,-0.263,-0.325,0.71,-0.32,0.24
2003,10,22.0400,2.964 ,-4.09017,24.0850,0.4903795,0.510,0.020,0.46,0.57,0.85
2003,11,19.1000,2.553 ,-3.89802,21.4833,0.3692297,0.423,0.054,-0.17,0.21,0.15
2003,12,17.3550,2.034 ,-4.57229,19.1417,0.5933812,0.651,0.058,0.31,0.40,-0.33
2004,1,14.8850,1.140 ,-5.72867,17.1917,0.392797,0.515,0.122,1.81,0.97,0.99
2004,2,14.5500,1.913 ,-6.90759,14.8917,0.004331,0.247,0.243,0.66,0.80,-0.58
2004,3,14.2400,-0.315 ,-4.00648,15.5200,-0.5583972,-0.092,0.466,0.37,0.86,0.60
2004,4,14.5350,1.780 ,-4.6699,16.3283,-0.2087099,0.048,0.256,-1.18,0.13,-0.58
2004,5,17.5450,2.455 ,-5.18375,18.8683,-1.086072,-0.843,0.243,-1.02,-0.47,-1.59
2004,6,21.9750,1.467 ,-3.21163,22.5467,-0.00987,-0.382,-0.373,-0.19,-0.26,0.57
2004,7,24.2200,2.151 ,-5.05479,26.1867,-0.032773,-0.353,-0.320,0.35,1.01,1.22
2004,8,26.7150,1.816 ,-3.79287,28.5533,0.128469,-0.479,-0.607,0.97,0.94,0.60
2004,9,23.9800,2.134 ,-4.022,26.3883,0.3018619,-0.046,-0.348,0.36,-0.29,-0.15
2004,10,21.2450,2.647 ,-3.6077,23.1933,0.200941,0.166,-0.035,-0.70,-0.10,-0.46
2004,11,19.2550,1.640 ,-2.70653,20.9200,0.67987,0.489,-0.191,0.09,0.35,-0.34
2004,12,17.2900,2.904 ,-2.62312,19.5583,0.384453,0.621,0.236,1.07,0.13,-0.73
2005,1,15.7700,1.918 ,-6.51294,17.1800,0.389833,0.154,-0.236,0.23,1.07,0.34
2005,2,14.2050,-1.854 ,-3.71115,14.9200,-0.330733,-0.547,-0.216,-0.06,0.88,0.07
2005,3,13.0850,2.077 ,-6.26494,14.8500,-0.569394,-0.429,0.140,0.97,0.70,-0.93
2005,4,14.8000,0.430 ,-5.44157,16.4650,0.335459,-0.159,-0.495,0.42,0.87,-0.14
2005,5,18.3050,2.730 ,-5.07739,18.6000,-0.088141,-0.202,-0.114,1.03,0.94,-0.10
2005,6,20.4000,2.757 ,-4.60043,22.6500,0.0869908,-0.077,-0.164,0.74,-0.13,-0.87
2005,7,23.5000,2.162 ,-4.3222,26.2617,-0.029285,0.172,0.201,-0.74,-0.75,-1.63
2005,8,27.3200,1.919 ,-5.00426,28.3900,0.1251764,0.177,0.051,-0.07,-0.20,-1.06
2005,9,25.5800,2.277 ,-5.40826,27.1217,-0.2929612,-0.326,-0.033,-0.57,-0.68,-0.62
2005,10,23.2950,4.404 ,-4.0569,24.6067,-0.958688,-0.737,0.222,0.57,-0.13,-0.99
2005,11,20.1850,3.022 ,-4.21,21.0467,-1.2786149,-1.223,0.056,-0.45,-1.21,-0.90
2005,12,16.1950,3.436 ,-4.54174,17.8000,-1.515108,-1.254,0.262,-1.12,-1.35,-1.21
2006,1,14.7300,2.014 ,-4.1801,16.0350,-0.485063,-0.279,0.206,-1.57,-0.29,-1.25
2006,2,13.2750,1.140 ,-5.18554,14.5250,0.050218,0.248,0.197,-1.79,-1.41,-1.54
2006,3,14.3550,1.593 ,-5.46511,14.8200,-0.439649,-0.120,0.319,0.65,1.30,0.42
2006,4,14.2550,1.974 ,-4.6906,14.9017,-0.5253272,-0.554,-0.028,-0.33,0.57,-0.28
2006,5,16.1100,2.308 ,-4.12,17.1250,0.230281,0.107,-0.124,-0.20,0.62,-0.53
2006,6,18.6000,2.598 ,-4.64407,21.2883,-0.5584769,-0.032,0.526,-0.45,1.13,-0.02
2006,7,21.7700,1.839 ,-3.65185,23.9733,0.165637,0.057,-0.109,0.01,0.79,0.54
2006,8,27.0000,0.855 ,-4.69458,28.9867,0.855797,0.460,-0.395,0.39,0.32,1.05
2006,9,24.8250,1.079 ,-3.59355,26.8217,1.340101,1.095,-0.245,0.26,1.21,1.47
2006,10,22.0650,0.456 ,-4.01795,24.2817,1.550547,1.064,-0.486,-0.08,0.18,0.98
2006,11,18.9900,1.595 ,-4.94725,22.3083,1.348888,1.061,-0.288,-0.22,0.57,0.81
2006,12,16.9450,2.319 ,-4.09106,19.3433,0.67941,0.966,0.286,-0.23,0.55,-0.24
2007,1,15.1850,-0.494 ,-4.69089,16.5550,0.434299,0.669,0.235,0.53,0.89,-0.36
2007,2,14.1050,0.364 ,-4.94295,16.4217,0.3702707,0.342,-0.028,-0.04,0.42,-0.11
2007,3,13.7000,0.273 ,-5.15587,15.1317,-0.223241,-0.453,-0.230,0.87,1.12,0.09
2007,4,14.4900,0.789 ,-5.0218,16.6867,-0.5024442,-0.577,-0.074,1.03,1.05,0.45
2007,5,17.0050,2.417 ,-3.27319,19.0250,-1.025444,-1.142,-0.116,0.66,1.22,1.11
2007,6,20.7000,3.426 ,-4.81954,22.4667,-1.040897,-0.918,0.123,-0.42,0.02,1.34
2007,7,23.5250,2.959 ,-4.5666,25.8050,-0.76295504,-0.762,0.001,-1.32,-0.44,0.24
2007,8,27.2200,2.922 ,-5.55476,28.8067,-0.943994,-1.088,-0.144,-0.08,1.18,0.59
2007,9,26.1900,3.439 ,-4.92478,27.3050,-1.219054,-0.963,0.256,-0.32,0.24,0.93
2007,10,22.9250,3.979 ,-4.21191,24.8833,-1.0282216,-0.952,0.077,-0.12,0.64,0.74
2007,11,19.0250,3.193 ,-4.26077,21.1983,-1.1803464,-1.234,-0.054,0.01,0.04,0.63
2007,12,15.6150,5.691 ,-5.7911,18.1050,-1.284624,-1.093,0.191,0.07,0.66,0.30
2008,1,14.7150,2.806 ,-4.59986,17.4217,-0.990506,-0.769,0.222,-0.54,-0.29,0.24
2008,2,13.5250,2.709 ,-5.05741,15.4483,-0.683604,-0.335,0.349,1.65,2.25,1.15
2008,3,13.6600,3.580 ,-4.0001,15.5867,-0.1890196,-0.097,0.092,0.08,0.44,0.81
2008,4,14.7200,0.951 ,-5.51718,16.1533,0.388155,0.252,-0.136,0.35,0.28,1.55
2008,5,17.3000,2.368 ,-4.61103,19.1267,0.668726,0.361,-0.308,1.17,0.05,1.68
2008,6,19.6300,2.062 ,-4.91522,21.2917,0.838994,0.271,-0.568,-0.01,0.43,1.08
2008,7,25.2100,3.027 ,-5.9728,27.6383,0.5076271,0.477,-0.030,1.28,0.41,1.18
2008,8,26.4300,3.308 ,-3.31307,28.1267,0.658882,0.921,0.262,0.27,1.10,0.59
2008,9,25.5100,1.916 ,-5.46549,26.5367,0.47696422,0.482,0.005,0.79,0.55,1.15
2008,10,23.4400,3.094 ,-3.93922,23.7133,0.176948,0.517,0.340,-0.49,-0.04,1.49
2008,11,19.4300,4.398 ,-4.73512,21.6133,0.07925849,-0.002,-0.081,-0.56,1.17,0.61
2008,12,18.2200,3.351 ,-4.90564,18.9550,-0.645811,-0.492,0.154,-0.14,-0.20,0.68
2009,1,15.0650,2.046 ,-5.5587,17.3367,-0.5774962,0.073,0.650,0.02,1.50,0.29
2009,2,14.6350,2.819 ,-3.75672,15.7633,-0.930707,-0.653,0.278,-1.13,0.47,-0.92
2009,3,13.2900,0.950 ,-5.70464,14.9083,-0.994784,-0.857,0.138,-1.14,-0.37,-0.57
2009,4,14.1500,1.183 ,-4.96533,17.2833,0.097496,0.207,0.109,-0.03,0.64,0.13
2009,5,17.0950,2.461 ,-4.09518,18.2700,0.164245,0.409,0.245,-0.20,0.63,0.15
2009,6,20.1850,1.991 ,-3.76833,23.0767,0.6104092,0.703,0.092,0.68,0.43,0.40
2009,7,22.4350,1.648 ,-3.41159,25.8500,0.792968,0.622,-0.171,0.06,0.50,-0.64
2009,8,25.2050,1.386 ,-4.7654,27.3200,0.81347,0.868,0.054,0.68,0.54,-0.13
2009,9,25.1300,1.662 ,-0.141827,26.8950,0.4901258,0.535,0.045,0.00,-0.03,-0.01
2009,10,22.0650,0.949 ,-0.0166655,24.3000,0.807958,0.639,-0.169,-1.55,0.58,-0.32
2009,11,20.1250,2.592 ,0.166787,21.6050,0.533929,0.645,0.111,-0.41,-0.97,-1.20
2009,12,16.9950,1.126 ,-0.158624,19.0450,1.226333,0.917,-0.309,-0.63,-0.23,-0.85
2010,1,15.4750,0.333 ,-0.999141,16.7800,0.997707,0.645,-0.353,0.33,-0.51,1.36
2010,2,13.8450,-0.947 ,-0.859112,15.1783,0.716395,0.323,-0.394,-0.03,-0.08,0.87
2010,3,12.2350,-1.554 ,-2.18482,15.5350,0.268937,0.414,0.145,0.82,0.11,1.01
2010,4,14.3000,0.608 ,-1.61015,15.1467,0.340537,0.664,0.323,0.01,0.48,-0.50
2010,5,16.6050,2.918 ,-3.53916,18.2417,-0.149842,0.331,0.481,0.08,-0.08,0.74
2010,6,20.4950,3.568 ,-3.87541,21.0683,-0.585974,-0.137,0.449,-0.29,-0.93,0.26
2010,7,23.5300,4.469 ,-5.84989,25.3067,-1.559058,-0.717,0.842,-0.12,0.73,2.18
2010,8,27.1700,4.385 ,-4.72442,27.8000,-1.241656,-0.746,0.496,-0.84,-0.54,-0.76
2010,9,25.1650,3.551 ,-5.61564,26.7350,-1.235415,-0.747,0.488,-0.89,0.16,-0.47
2010,10,22.3500,4.089 ,-4.91529,23.5850,-1.310979,-0.884,0.427,-0.95,-0.62,-0.92
2010,11,19.1500,3.958 ,-4.1971,20.2483,-1.46589,-0.989,0.477,-0.88,-1.02,-0.75
2010,12,16.8150,3.955 ,-5.29197,19.2817,-1.289288,-0.811,0.478,-1.28,-0.80,-1.59
2011,1,13.9550,2.907 ,-5.61423,15.7017,-1.291223,-0.601,0.691,-0.39,-1.14,-0.46
2011,2,12.9500,2.386 ,-5.88761,15.3667,-0.9329141,-0.093,0.840,0.51,0.32,0.33
2011,3,12.8350,2.610 ,-5.34619,14.3317,-0.806223,-0.348,0.458,-0.71,-1.47,-0.47
2011,4,13.8300,2.107 ,-5.03506,15.0900,0.078549,0.283,0.204,0.40,0.57,0.49
2011,5,15.9500,1.693 ,-5.40105,17.6667,-0.069265,-0.182,-0.112,-0.39,0.57,1.24
2011,6,19.7800,1.947 ,-4.45431,20.4450,0.355986,0.190,-0.166,1.18,0.97,1.75
2011,7,24.0700,1.999 ,-4.08021,25.7067,0.2793159,0.073,-0.206,1.06,0.76,1.47
2011,8,25.6350,2.455 ,-4.76946,26.2183,-0.112695,-0.215,-0.103,0.59,0.26,-0.81
2011,9,25.5550,2.626 ,-4.68902,26.8217,-0.41689,-0.447,-0.030,-0.24,-0.41,0.57
2011,10,21.8750,3.624 ,-5.62245,24.2333,-0.9526418,-0.932,0.021,0.15,-0.12,0.06
2011,11,20.6200,3.877 ,-5.27808,22.1450,-1.019664,-0.807,0.213,-0.17,0.22,1.36
2011,12,17.9950,4.086 ,-5.5652,19.3117,-1.161397,-0.717,0.444,0.38,0.39,1.11
2012,1,15.3900,3.443 ,-5.49624,16.4950,-0.582525,-0.220,0.363,0.72,0.18,1.78
2012,2,13.6050,2.201 ,-7.60594,14.8000,-0.047728,0.337,0.385,-0.34,0.80,1.66
2012,3,13.9350,0.721 ,-5.54803,14.8283,-0.2713241,0.098,0.370,0.91,-0.01,1.15
2012,4,14.5350,1.009 ,-5.25764,16.3367,0.319892,0.521,0.201,-1.10,-1.72,-0.64
2012,5,17.6100,1.793 ,-4.63926,18.8583,0.323921,0.352,0.028,-0.77,-0.32,-0.30
2012,6,20.8850,1.141 ,-5.10124,21.7617,0.939975,0.740,-0.200,-1.37,-0.58,-1.41
2012,7,23.2200,1.615 ,-4.53901,26.1833,0.3871925,0.457,0.069,-0.78,-1.19,-1.22
2012,8,27.2550,2.275 ,-4.46677,27.6800,0.24481353,0.252,0.007,-1.69,-0.20,-0.48
2012,9,24.0550,2.374 ,-4.84928,24.5317,0.479835,0.191,-0.289,-1.49,-0.37,-0.05
2012,10,21.5000,3.054 ,-3.02776,23.3500,-0.3781784,-0.449,-0.071,-0.06,0.09,0.27
2012,11,18.0700,2.794 ,-4.31065,20.6000,-0.241666,-0.202,0.040,-0.70,0.09,-1.07
2012,12,16.1550,1.777 ,-5.12977,17.3600,-0.6689636,-0.620,0.049,-0.15,0.01,0.34
2013,1,13.1100,1.805 ,-5.17178,16.0417,-0.5032019,-0.465,0.038,0.26,0.09,1.39
2013,2,12.3550,1.438 ,-4.12158,14.8417,-0.667813,-0.449,0.218,-0.03,0.91,-1.20
2013,3,13.7250,0.730 ,-6.17763,15.0383,-0.3501017,-0.047,0.303,0.21,1.68,0.87
2013,4,14.0050,1.061 ,-4.83476,16.2000,-0.553725,-0.351,0.203,0.25,1.08,0.94
2013,5,17.0800,2.472 ,-3.59102,18.4817,-1.270747,-1.076,0.195,0.77,0.46,1.12
2013,6,20.4250,2.973 ,-5.92476,21.6717,-1.54176,-1.210,0.332,0.34,0.41,-0.05
2013,7,23.5300,2.413 ,-3.97565,26.2917,-1.320696,-0.972,0.349,0.32,0.23,0.20
2013,8,26.5550,2.704 ,-3.55223,29.3733,-1.068618,-0.840,0.229,-0.22,0.17,0.30
2013,9,25.4100,2.608 ,-3.68576,27.3333,-0.817253,-0.463,0.354,0.00,0.07,0.23
2013,10,23.0400,3.181 ,-4.65373,24.1267,-0.2958029,-0.220,0.076,-0.38,0.43,-0.23
2013,11,19.7850,3.583 ,-2.49666,21.5917,-0.406904,-0.262,0.145,0.64,0.99,0.11
2013,12,17.2550,3.467 ,-1.78171,18.7833,-0.6754145,-0.060,0.616,0.60,0.41,0.03
2014,1,14.5750,1.488 ,-5.24947,16.4067,-0.4221624,-0.073,0.349,-0.40,-0.44,0.01
2014,2,13.8450,0.422 ,-3.29109,15.2800,-0.74952,-0.612,0.138,0.30,-0.88,0.05
2014,3,13.4000,0.407 ,-3.94344,15.3833,0.1305318,0.147,0.016,-2.06,-1.71,-1.31
2014,4,15.3450,0.007 ,-3.55134,17.1083,0.1269421,0.097,-0.030,-0.36,-0.06,0.57
2014,5,17.8300,0.780 ,-3.58301,18.8783,0.111766,0.495,0.384,-0.05,-0.45,0.93
2014,6,19.7650,1.389 ,-3.42511,21.1417,0.727324,1.075,0.348,-1.30,0.16,1.66
2014,7,23.8600,1.189 ,-3.3268,24.5000,0.8120187,0.884,0.072,-0.68,-0.26,-0.09
2014,8,24.2850,1.184 ,-3.44451,25.9867,0.263742,0.508,0.245,-0.46,0.02,-0.21
2014,9,24.8000,1.397 ,-2.97027,26.1967,0.2947253,0.234,-0.061,0.12,-0.26,0.76
2014,10,22.2150,1.840 ,-2.75691,23.2133,0.642101,0.550,-0.092,-0.18,-0.29,-0.50
2014,11,18.1450,2.221 ,-3.20859,21.3367,0.6637086,0.650,-0.014,0.03,-0.16,-0.64
2014,12,16.2600,1.538 ,-4.19594,18.2850,0.4993877,0.587,0.088,0.06,-0.53,1.39
2015,1,14.3400,1.392 ,-5.20896,16.2617,0.047513,0.355,0.307,-0.28,-0.81,-0.58
2015,2,13.9650,-0.077 ,-5.22691,14.9533,-0.282371,-0.173,0.109,-1.85,-2.04,-1.22
2015,3,13.6000,-0.663 ,-6.33656,14.6650,0.2658798,0.086,-0.180,-0.85,-0.35,0.10
2015,4,14.7350,-0.338 ,-5.2098,15.9500,0.548504,0.768,0.219,-0.29,-1.13,-0.13
2015,5,17.2950,-1.251 ,-5.47135,17.9450,0.9115604,0.949,0.037,-1.05,-0.37,-0.28
2015,6,19.8900,0.561 ,-5.20194,20.7733,1.832008,1.611,-0.221,-0.94,0.35,-0.74
2015,7,21.7100,0.940 ,-6.63972,23.3417,2.107511,1.906,-0.201,-1.11,0.35,0.21
2015,8,25.5000,-0.428 ,-6.24314,27.3417,1.87163,1.356,-0.516,-1.04,0.27,0.25
2015,9,24.8650,-0.834 ,-7.30238,25.1217,1.834695,1.707,-0.127,-0.05,0.49,0.22
2015,10,21.2150,-0.540 ,-6.14339,23.2983,1.694511,1.499,-0.196,0.28,0.59,0.97
2015,11,18.5050,-0.112 ,-5.52412,21.5267,1.9065313,1.978,0.072,0.04,0.47,0.02
2015,12,15.8300,-2.119 ,-6.89115,18.9033,1.916147,2.112,0.196,0.41,0.59,-0.01
2016,1,13.7550,-1.024 ,-7.39778,16.5100,1.919213,2.008,0.089,1.08,0.50,1.20
2016,2,13.7900,-2.633 ,-6.35135,15.7033,1.23599229,1.240,0.004,0.47,1.64,1.35
2016,3,14.0600,-0.982 ,-5.42862,15.5400,0.9707863,1.022,0.051,1.53,2.02,2.60
2016,4,14.7500,-0.306 ,-5.46706,16.5883,0.4445925,0.474,0.029,-0.06,-0.18,-0.21
2016,5,17.6400,1.391 ,-6.55221,19.0600,-0.284925,0.270,0.555,0.73,0.77,0.94
2016,6,21.2450,2.379 ,-5.82187,22.0850,-0.239829,0.330,0.570,0.80,0.86,1.43
2016,7,24.0300,2.297 ,-6.79482,27.0283,-0.434624,-0.218,0.216,-0.05,0.34,1.77
2016,8,27.8800,2.315 ,-5.49083,29.7117,-0.85278,-0.290,0.563,-0.16,0.79,2.44
2016,9,25.1000,2.907 ,-4.7055,26.0783,-0.7907184,0.040,0.831,0.91,1.19,-0.95
2016,10,22.9950,3.353 ,-6.64145,24.4350,-1.083228,-0.308,0.776,0.56,0.97,0.35
2016,11,20.2400,3.368 ,-5.30248,22.0417,-0.881425,-0.229,0.653,0.10,0.77,-0.31
2016,12,16.8900,2.691 ,-4.03134,18.8917,-0.283421,-0.073,0.211,0.43,0.39,1.03
2017,1,14.6400,2.519 ,-5.26082,17.0300,-0.3967234,0.064,0.461,0.31,0.39,0.59
2017,2,14.7500,1.198 ,-4.10534,16.4017,0.1878499,0.246,0.058,0.96,2.62,0.52
2017,3,14.3400,0.967 ,-5.19595,15.9200,0.8609481,0.839,-0.022,1.55,1.67,1.44
2017,4,14.8050,-0.295 ,-6.31386,16.8833,0.579192,0.517,-0.062,0.04,0.80,0.78
2017,5,17.6650,2.063 ,-5.63431,18.8633,-0.4132495,0.068,0.481,0.68,0.67,1.27
2017,6,20.4800,0.540 ,-5.15721,21.9717,-0.625004,-0.295,0.330,-0.04,0.08,0.16
2017,7,24.5250,1.851 ,-5.27322,28.0000,-0.970134,-0.265,0.705,-0.99,0.42,-0.35
